Attack ID,Attack Date,Attack Time,Country / Territory,Certainty Level,Attack Type,Total Injured,Total Death,HC Facilities,HC Transport,HC Personnel,HC Supplies Assets,HC Warehouse Storage,HC Patients,HC Other,Type of Facility,Facility Other,HW Abduction,HW Arrest,HW Detention,Patient Abduction,Patient Arrest,Patient Detention
SYR006341,2/28/2022,12:35,Syrian Arab Republic,Confirmed," Violence with heavy weapons (requires more than one person to use such as firearms, tanks, missiles, bombs, mortars)",1,0,YES,NO,NO,NO,NO,YES,,Secondary,,0,0,0,0,0,0
SYR006297,1/11/2022,17:01,Syrian Arab Republic,Confirmed," Violence with individual weapons (knives, bricks, clubs, guns, grenades and improvised explosive devices (IED)",0,1,NO,NO,YES,NO,NO,NO,,Secondary,,0,0,0,0,0,0
SYR006342,1/11/2022,17:00,Syrian Arab Republic,Confirmed," Violence with individual weapons (knives, bricks, clubs, guns, grenades and improvised explosive devices (IED)",0,1,YES,NO,YES,NO,NO,NO,,Secondary,,0,0,0,0,0,0
SYR006298,12/6/2021,Time Unknown,Syrian Arab Republic,Confirmed," Violence with heavy weapons (requires more than one person to use such as firearms, tanks, missiles, bombs, mortars)",0,0,NO,NO,NO,YES,NO,NO,,Other,Lattakia sea port,0,0,0,0,0,0
SYR006220,11/22/2021,08:00,Syrian Arab Republic,Confirmed," Psychological violence/threat of violence/intimidation, Violence with individual weapons (knives, bricks, clubs, guns, grenades and improvised explosive devices (IED)",0,0,NO,NO,YES,NO,NO,YES,,Secondary,,0,0,0,0,0,0
SYR006289,11/18/2021,12:30,Syrian Arab Republic,Confirmed," Psychological violence/threat of violence/intimidation, Violence with individual weapons (knives, bricks, clubs, guns, grenades and improvised explosive devices (IED)",0,0,YES,NO,YES,NO,NO,NO,,Other,Specialized Medical Centers ,0,0,0,0,0,0
SYR006219,10/30/2021,Time Unknown,Syrian Arab Republic,Confirmed," Violence with heavy weapons (requires more than one person to use such as firearms, tanks, missiles, bombs, mortars)",1,0,NO,NO,YES,NO,NO,NO,,,,0,0,0,0,0,0
SYR006302,10/27/2021,08:00,Syrian Arab Republic,Confirmed," Violence with individual weapons (knives, bricks, clubs, guns, grenades and improvised explosive devices (IED)",0,1,NO,NO,YES,NO,NO,NO, Local Health Commette's employee,,,0,0,0,0,0,0
SYR006218,10/19/2021,Time Unknown,Syrian Arab Republic,Confirmed," Removal of health care assets (e.g. transport, supplies, materials)",0,0,NO,NO,NO,YES,NO,NO,,Primary,,0,0,0,0,0,0
SYR006130,10/16/2021,19:00,Syrian Arab Republic,Probable," Violence with individual weapons (knives, bricks, clubs, guns, grenades and improvised explosive devices (IED)",1,0,NO,NO,YES,NO,NO,NO,,Tertiary,,0,0,0,0,0,0
SYR006217,10/3/2021,Time Unknown,Syrian Arab Republic,Confirmed," Removal of health care assets (e.g. transport, supplies, materials)",0,0,NO,NO,NO,YES,NO,NO,,Secondary,,0,0,0,0,0,0
SYR006216,9/12/2021,Time Unknown,Syrian Arab Republic,Confirmed," Removal of health care assets (e.g. transport, supplies, materials)",0,0,NO,NO,NO,YES,NO,NO,,Primary,,0,0,0,0,0,0
SYR006053,9/12/2021,Time Unknown,Syrian Arab Republic,Confirmed," Removal of health care assets (e.g. transport, supplies, materials)",0,0,YES,NO,NO,YES,NO,NO,,Secondary,,0,0,0,0,0,0
SYR006019,8/30/2021,01:45,Syrian Arab Republic,Confirmed," Violence with heavy weapons (requires more than one person to use such as firearms, tanks, missiles, bombs, mortars)",0,0,NO,NO,NO,NO,NO,Unknown,,Primary,,0,0,0,0,0,0
SYR006020,8/30/2021,01:45,Syrian Arab Republic,Confirmed," Violence with heavy weapons (requires more than one person to use such as firearms, tanks, missiles, bombs, mortars)",0,0,YES,NO,NO,NO,NO,NO,,Primary,,0,0,0,0,0,0
SYR006015,8/27/2021,Time Unknown,Syrian Arab Republic,Confirmed, Assault (without weapons),2,0,NO,NO,YES,NO,NO,NO,,Primary,,0,0,0,0,0,0
SYR006013,8/23/2021,15:30,Syrian Arab Republic,Confirmed," Violence with individual weapons (knives, bricks, clubs, guns, grenades and improvised explosive devices (IED)",0,1,NO,NO,YES,NO,NO,NO,,Secondary,Clinic,0,0,0,0,0,0
SYR005991,8/16/2021,09:00,Syrian Arab Republic,Confirmed," Obstruction to health care delivery (e.g. physical, administrative, legal etc), Violence with individual weapons (knives, bricks, clubs, guns, grenades and improvised explosive devices (IED)",0,0,YES,YES,YES,NO,NO,NO,,Primary,,0,0,0,0,0,0
SYR005943,7/29/2021,11:00,Syrian Arab Republic,Confirmed," Violence with heavy weapons (requires more than one person to use such as firearms, tanks, missiles, bombs, mortars)",0,0,YES,NO,NO,YES,NO,NO,,Secondary,,0,0,0,0,0,0
SYR005937,7/18/2021,Time Unknown,Syrian Arab Republic,Confirmed," Armed or violent search of health care personnel, facility or transport, Violence with individual weapons (knives, bricks, clubs, guns, grenades and improvised explosive devices (IED)",0,1,NO,YES,NO,NO,NO,YES,,Other,An ambulance ,0,0,0,0,0,0
SYR005936,7/14/2021,Time Unknown,Syrian Arab Republic,Confirmed," Removal of health care assets (e.g. transport, supplies, materials)",0,0,YES,NO,YES,YES,NO,YES,,Secondary,,0,0,0,0,0,0
SYR006107,7/12/2021,23:00,Syrian Arab Republic,Confirmed," Removal of health care assets (e.g. transport, supplies, materials)",0,0,YES,NO,NO,YES,NO,NO,,Primary,,0,0,0,0,0,0
SYR005863,7/10/2021,05:45,Syrian Arab Republic,Confirmed," Violence with individual weapons (knives, bricks, clubs, guns, grenades and improvised explosive devices (IED)",0,0,YES,NO,NO,YES,NO,NO,,Secondary,,0,0,0,0,0,0
SYR005763,6/12/2021,19:15,Syrian Arab Republic,Confirmed," Violence with heavy weapons (requires more than one person to use such as firearms, tanks, missiles, bombs, mortars)",26,13,YES,Unknown,YES,NO,NO,YES,,Secondary,,0,0,0,0,0,0
SYR005941,5/29/2021,02:00,Syrian Arab Republic,Confirmed," Obstruction to health care delivery (e.g. physical, administrative, legal etc), Removal of health care assets (e.g. transport, supplies, materials)",0,0,YES,NO,NO,NO,NO,NO,,Secondary,,0,0,0,0,0,0
SYR005942,5/18/2021,11:30,Syrian Arab Republic,Confirmed," Assault (without weapons), Obstruction to health care delivery (e.g. physical, administrative, legal etc), Psychological violence/threat of violence/intimidation, Violence with individual weapons (knives, bricks, clubs, guns, grenades and improvised explosive devices (IED)",1,0,YES,YES,YES,NO,NO,NO,,Primary,,0,0,0,0,0,0
SYR005935,5/11/2021,11:00,Syrian Arab Republic,Confirmed," Obstruction to health care delivery (e.g. physical, administrative, legal etc), Psychological violence/threat of violence/intimidation",0,0,YES,NO,YES,NO,NO,NO,,Secondary,,0,0,0,0,0,0
SYR005392,5/4/2021,15:30,Syrian Arab Republic,Confirmed, Assault (without weapons),1,0,NO,NO,YES,NO,NO,NO,,Other,physical assault to staff,0,0,0,0,0,0
SYR005368,5/2/2021,21:30,Syrian Arab Republic,Confirmed, Assault (without weapons),1,0,YES,NO,YES,NO,NO,NO,,,,0,0,0,0,0,0
SYR005109,3/21/2021,08:55,Syrian Arab Republic,Confirmed," Violence with heavy weapons (requires more than one person to use such as firearms, tanks, missiles, bombs, mortars)",15,6,YES,YES,YES,YES,YES,YES,,Secondary,,0,0,0,0,0,0
SYR005115,3/20/2021,12:15,Syrian Arab Republic,Confirmed," Violence with heavy weapons (requires more than one person to use such as firearms, tanks, missiles, bombs, mortars)",6,3,NO,NO,YES,YES,YES,NO,,Warehouse,,0,0,0,0,0,0
SYR005726,3/5/2021,20:20,Syrian Arab Republic,Confirmed," Abduction/Arrest/Detention of health personnel or patients, Setting fire, Violence with individual weapons (knives, bricks, clubs, guns, grenades and improvised explosive devices (IED)",8,0,YES,NO,YES,YES,NO,NO,,Tertiary,,0,8,0,0,0,0
SYR005205,2/27/2021,Time Unknown,Syrian Arab Republic,Confirmed," Removal of health care assets (e.g. transport, supplies, materials)",0,0,YES,NO,NO,YES,NO,NO,,Primary,,0,0,0,0,0,0
SYR005069,2/26/2021,00:00,Syrian Arab Republic,Probable," Assault (without weapons), Psychological violence/threat of violence/intimidation",1,0,NO,NO,YES,NO,NO,NO,,Secondary,,0,0,0,0,0,0
SYR005025,2/17/2021,21:00,Syrian Arab Republic,Confirmed," Violence with heavy weapons (requires more than one person to use such as firearms, tanks, missiles, bombs, mortars)",1,0,YES,NO,NO,YES,NO,NO,,Secondary,,0,0,0,0,0,0
SYR005024,2/16/2021,17:00,Syrian Arab Republic,Confirmed," Violence with individual weapons (knives, bricks, clubs, guns, grenades and improvised explosive devices (IED)",2,1,NO,YES,YES,NO,NO,NO,,Other,Outreach mobile CHW team,0,0,0,0,0,0
SYR005014,1/31/2021,07:00,Syrian Arab Republic,Confirmed, Assault (without weapons),0,0,YES,NO,NO,NO,NO,NO,,Other,fixed clinic supported by UNICEF provides health and nutrition services.,0,0,0,0,0,0
SYR004966,12/6/2020,Time Unknown,Syrian Arab Republic,Confirmed," Removal of health care assets (e.g. transport, supplies, materials)",0,0,YES,NO,NO,YES,NO,NO,,Primary,,0,0,0,0,0,0
SYR004961,11/7/2020,Time Unknown,Syrian Arab Republic,Confirmed," Violence with individual weapons (knives, bricks, clubs, guns, grenades and improvised explosive devices (IED)",1,0,NO,NO,YES,NO,NO,NO,,Secondary,Clinic,0,0,0,0,0,0
SYR004964,11/4/2020,18:00-00:00,Syrian Arab Republic,Confirmed, Assault (without weapons),0,0,YES,NO,NO,YES,NO,NO,,Primary,,0,0,0,0,0,0
SYR004873,9/27/2020,07:50,Syrian Arab Republic,Confirmed," Violence with individual weapons (knives, bricks, clubs, guns, grenades and improvised explosive devices (IED)",0,0,NO,YES,NO,NO,NO,NO,,Mobile Clinic,,0,0,0,0,0,0
SYR004830,8/18/2020,18:00,Syrian Arab Republic,Confirmed, Abduction/Arrest/Detention of health personnel or patients,0,0,NO,NO,YES,NO,NO,NO,,Tertiary,,0,2,0,0,0,0
SYR004832,8/18/2020,13:02,Syrian Arab Republic,Probable," Violence with individual weapons (knives, bricks, clubs, guns, grenades and improvised explosive devices (IED)",0,1,NO,NO,NO,NO,NO,YES,,Tertiary,,0,0,0,0,0,0
SYR004798,8/8/2020,12:00-18:00,Syrian Arab Republic,Confirmed," Obstruction to health care delivery (e.g. physical, administrative, legal etc), Removal of health care assets (e.g. transport, supplies, materials), Violence with individual weapons (knives, bricks, clubs, guns, grenades and improvised explosive devices (IED)",0,0,YES,NO,NO,YES,NO,NO,,Primary,,0,0,0,0,0,0
SYR004797,8/7/2020,11:35,Syrian Arab Republic,Confirmed," Violence with individual weapons (knives, bricks, clubs, guns, grenades and improvised explosive devices (IED)",0,0,YES,NO,NO,NO,NO,NO,,Primary,,0,0,0,0,0,0
SYR004778,7/23/2020,10:30,Syrian Arab Republic,Confirmed," Obstruction to health care delivery (e.g. physical, administrative, legal etc), Psychological violence/threat of violence/intimidation",0,0,YES,NO,YES,NO,NO,NO,,Secondary,,0,0,0,0,0,0
SYR004760,7/14/2020,15:00,Syrian Arab Republic,Confirmed," Violence with heavy weapons (requires more than one person to use such as firearms, tanks, missiles, bombs, mortars)",5,2,YES,NO,NO,YES,YES,NO,,Primary,,0,0,0,0,0,0
SYR004749,6/6/2020,10:45,Syrian Arab Republic,Confirmed, Psychological violence/threat of violence/intimidation,0,0,NO,NO,YES,NO,NO,NO,,Secondary,,0,0,0,0,0,0
SYR004769,6/4/2020,10:30,Syrian Arab Republic,Confirmed," Violence with individual weapons (knives, bricks, clubs, guns, grenades and improvised explosive devices (IED)",0,0,YES,NO,NO,NO,NO,NO,,Mobile Clinic,,0,0,0,0,0,0
SYR004730,5/24/2020,16:15,Syrian Arab Republic,Confirmed," Assault (without weapons), Psychological violence/threat of violence/intimidation",1,0,NO,NO,YES,NO,NO,NO,,Other,Covid-19 quarantine center,0,0,0,0,0,0
SYR004718,5/19/2020,09:45,Syrian Arab Republic,Confirmed," Abduction/Arrest/Detention of health personnel or patients, Armed or violent search of health care personnel, facility or transport, Obstruction to health care delivery (e.g. physical, administrative, legal etc), Psychological violence/threat of violence/intimidation",0,0,NO,NO,YES,NO,NO,NO,,Tertiary,,0,1,0,0,0,0
SYR004726,5/16/2020,22:30,Syrian Arab Republic,Probable," Violence with individual weapons (knives, bricks, clubs, guns, grenades and improvised explosive devices (IED)",0,0,NO,YES,NO,NO,NO,NO,,Other,Ambulance Service System,0,0,0,0,0,0
SYR004699,4/29/2020,12:30,Syrian Arab Republic,Confirmed," Obstruction to health care delivery (e.g. physical, administrative, legal etc), Psychological violence/threat of violence/intimidation",0,0,NO,NO,YES,NO,NO,NO,,Other,outreach activities in the camp,0,0,0,0,0,0
SYR004690,3/31/2020,18:00,Syrian Arab Republic,Confirmed," Armed or violent search of health care personnel, facility or transport, Obstruction to health care delivery (e.g. physical, administrative, legal etc), Psychological violence/threat of violence/intimidation",0,0,YES,NO,YES,NO,NO,NO,,Mobile Clinic,,0,0,0,0,0,0
SYR004683,3/14/2020,13:20,Syrian Arab Republic,Confirmed," Removal of health care assets (e.g. transport, supplies, materials)",0,0,YES,YES,YES,YES,NO,NO,,Other,SARC branch office and SARC clinic in Idlib city,0,0,0,0,0,0
SYR004658,2/25/2020,15:55,Syrian Arab Republic,Probable," Violence with heavy weapons (requires more than one person to use such as firearms, tanks, missiles, bombs, mortars)",0,0,YES,NO,NO,NO,NO,NO,,Secondary,,0,0,0,0,0,0
SYR004656,2/25/2020,13:55,Syrian Arab Republic,Confirmed," Violence with heavy weapons (requires more than one person to use such as firearms, tanks, missiles, bombs, mortars)",4,0,YES,NO,YES,NO,NO,NO,,Tertiary,,0,0,0,0,0,0
SYR004669,2/23/2020,13:00,Syrian Arab Republic,Confirmed," Abduction/Arrest/Detention of health personnel or patients, Armed or violent search of health care personnel, facility or transport, Obstruction to health care delivery (e.g. physical, administrative, legal etc), Psychological violence/threat of violence/intimidation",0,0,NO,NO,YES,NO,NO,NO,,,,0,3,0,0,0,0
SYR004637,2/17/2020,13:00,Syrian Arab Republic,Confirmed," Violence with heavy weapons (requires more than one person to use such as firearms, tanks, missiles, bombs, mortars)",0,0,YES,NO,NO,YES,NO,NO,,Secondary,,0,0,0,0,0,0
SYR004639,2/17/2020,13:00,Syrian Arab Republic,Confirmed," Violence with heavy weapons (requires more than one person to use such as firearms, tanks, missiles, bombs, mortars)",1,0,YES,NO,NO,NO,NO,NO,,Tertiary,Dialysis Unit,0,0,0,0,0,0
SYR004641,2/11/2020,01:00,Syrian Arab Republic,Probable," Violence with heavy weapons (requires more than one person to use such as firearms, tanks, missiles, bombs, mortars)",0,0,YES,NO,NO,NO,NO,NO,,Other,Blood bank,0,0,0,0,0,0
SYR004630,2/6/2020,12:45,Syrian Arab Republic,Confirmed," Violence with heavy weapons (requires more than one person to use such as firearms, tanks, missiles, bombs, mortars)",0,0,YES,NO,NO,NO,NO,NO,,Primary,The facility is supported Malteser International through Independent Doctors Association ,0,0,0,0,0,0
SYR004616,2/4/2020,10:15,Syrian Arab Republic,Confirmed," Violence with heavy weapons (requires more than one person to use such as firearms, tanks, missiles, bombs, mortars)",0,0,YES,NO,NO,NO,NO,NO,,Primary,with BeMOC service,0,0,0,0,0,0
SYR004613,1/30/2020,00:00,Syrian Arab Republic,Confirmed," Violence with heavy weapons (requires more than one person to use such as firearms, tanks, missiles, bombs, mortars)",30,10,YES,YES,YES,YES,YES,NO,,Secondary,,0,0,0,0,0,0
SYR004609,1/26/2020,04:00,Syrian Arab Republic,Confirmed," Violence with heavy weapons (requires more than one person to use such as firearms, tanks, missiles, bombs, mortars)",0,0,YES,NO,NO,YES,YES,NO,,Secondary,Ambulatory,0,0,0,0,0,0
SYR004563,12/31/2019,15:30,Syrian Arab Republic,Confirmed," Psychological violence/threat of violence/intimidation, Violence with individual weapons (knives, bricks, clubs, guns, grenades and improvised explosive devices (IED)",2,0,YES,NO,YES,NO,NO,NO,,Secondary,,0,0,0,0,0,0
SYR004526,12/17/2019,10:45,Syrian Arab Republic,Confirmed," Violence with heavy weapons (requires more than one person to use such as firearms, tanks, missiles, bombs, mortars)",0,0,YES,NO,NO,YES,YES,NO,,Secondary,,0,0,0,0,0,0
SYR003443,11/24/2019,21:20,Syrian Arab Republic,Confirmed," Violence with heavy weapons (requires more than one person to use such as firearms, tanks, missiles, bombs, mortars)",0,0,YES,NO,NO,YES,YES,NO,,Secondary,,0,0,0,0,0,0
SYR003436,11/20/2019,19:20,Syrian Arab Republic,Confirmed," Violence with heavy weapons (requires more than one person to use such as firearms, tanks, missiles, bombs, mortars)",4,0,YES,NO,YES,YES,NO,NO,,Tertiary,,0,0,0,0,0,0
SYR003407,11/9/2019,13:40,Syrian Arab Republic,Confirmed," Violence with heavy weapons (requires more than one person to use such as firearms, tanks, missiles, bombs, mortars)",1,0,NO,YES,YES,YES,NO,NO,,Other,Ambulance,0,0,0,0,0,0
SYR003400,11/7/2019,07:30,Syrian Arab Republic,Probable," Obstruction to health care delivery (e.g. physical, administrative, legal etc)",0,1,YES,Unknown,NO,NO,NO,NO,,Secondary,Abmulance,0,0,0,0,0,0
SYR003403,11/6/2019,17:45,Syrian Arab Republic,Confirmed," Violence with heavy weapons (requires more than one person to use such as firearms, tanks, missiles, bombs, mortars)",0,0,YES,NO,NO,NO,YES,NO,,Secondary,,0,0,0,0,0,0
SYR003401,11/6/2019,12:45,Syrian Arab Republic,Probable," Obstruction to health care delivery (e.g. physical, administrative, legal etc)",0,0,YES,NO,NO,NO,NO,NO,,Primary,,0,0,0,0,0,0
SYR003392,11/6/2019,01:30,Syrian Arab Republic,Confirmed," Violence with heavy weapons (requires more than one person to use such as firearms, tanks, missiles, bombs, mortars)",3,0,YES,NO,YES,YES,YES,NO,,Secondary,,0,0,0,0,0,0
SYR003378,11/4/2019,15:30,Syrian Arab Republic,Confirmed," Violence with heavy weapons (requires more than one person to use such as firearms, tanks, missiles, bombs, mortars)",0,0,YES,NO,NO,NO,NO,NO,,Primary,,0,0,0,0,0,0
SYR003379,11/4/2019,13:45,Syrian Arab Republic,Probable," Violence with heavy weapons (requires more than one person to use such as firearms, tanks, missiles, bombs, mortars)",0,0,NO,YES,NO,NO,NO,NO,,Other,Ambulance System,0,0,0,0,0,0
SYR003381,11/3/2019,11:20,Syrian Arab Republic,Confirmed," Violence with heavy weapons (requires more than one person to use such as firearms, tanks, missiles, bombs, mortars)",1,1,NO,YES,YES,NO,NO,NO,,Mobile Clinic,,0,0,0,0,0,0
SYR003315,10/18/2019,10:00,Syrian Arab Republic,Confirmed," Obstruction to health care delivery (e.g. physical, administrative, legal etc), Removal of health care assets (e.g. transport, supplies, materials)",0,0,NO,YES,NO,NO,NO,YES,,Other,,0,0,0,0,0,0
SYR003332,10/15/2019,23:00,Syrian Arab Republic,Confirmed," Violence with heavy weapons (requires more than one person to use such as firearms, tanks, missiles, bombs, mortars)",3,1,NO,YES,YES,NO,NO,NO,,Other,Ambulance,0,0,0,0,0,0
SYR003299,10/13/2019,10:00,Syrian Arab Republic,Confirmed," Violence with heavy weapons (requires more than one person to use such as firearms, tanks, missiles, bombs, mortars)",0,0,YES,NO,NO,YES,NO,NO,,Secondary,,0,0,0,0,0,0
SYR003282,10/13/2019,02:00,Syrian Arab Republic,Confirmed," Abduction/Arrest/Detention of health personnel or patients, Armed or violent search of health care personnel, facility or transport, Violence with individual weapons (knives, bricks, clubs, guns, grenades and improvised explosive devices (IED)",0,0,NO,YES,YES,NO,NO,NO,,Secondary,,2,0,0,0,0,0
SYR003281,10/12/2019,12:30,Syrian Arab Republic,Confirmed," Violence with heavy weapons (requires more than one person to use such as firearms, tanks, missiles, bombs, mortars)",0,0,YES,NO,NO,NO,NO,NO,,Secondary,,0,0,0,0,0,0
SYR003278,10/12/2019,07:15,Syrian Arab Republic,Confirmed," Violence with heavy weapons (requires more than one person to use such as firearms, tanks, missiles, bombs, mortars)",2,0,YES,YES,YES,YES,NO,NO,,Mobile Clinic,,0,0,0,0,0,0
SYR003280,10/11/2019,18:00-00:00,Syrian Arab Republic,Confirmed," Violence with heavy weapons (requires more than one person to use such as firearms, tanks, missiles, bombs, mortars)",0,0,YES,NO,NO,NO,NO,NO,,Primary,,0,0,0,0,0,0
SYR003254,10/3/2019,12:15,Syrian Arab Republic,Confirmed," Violence with heavy weapons (requires more than one person to use such as firearms, tanks, missiles, bombs, mortars)",7,0,YES,NO,YES,NO,NO,YES,,Primary,,0,0,0,0,0,0
SYR003209,9/15/2019,18:30,Syrian Arab Republic,Possible," Violence with individual weapons (knives, bricks, clubs, guns, grenades and improvised explosive devices (IED)",0,9,YES,NO,NO,NO,NO,NO,,Tertiary,,0,0,0,0,0,0
SYR003208,9/13/2019,10:30,Syrian Arab Republic,Confirmed," Violence with heavy weapons (requires more than one person to use such as firearms, tanks, missiles, bombs, mortars)",0,0,YES,NO,NO,NO,NO,NO,,Tertiary,Specialized Hospital - Maternity & Childhood ,0,0,0,0,0,0
SYR003131,9/3/2019,21:40,Syrian Arab Republic,Confirmed," Assault (without weapons), Obstruction to health care delivery (e.g. physical, administrative, legal etc), Psychological violence/threat of violence/intimidation",0,0,YES,NO,YES,NO,NO,YES,,Secondary,,0,0,0,0,0,0
SYR003130,9/3/2019,21:30,Syrian Arab Republic,Confirmed," Abduction/Arrest/Detention of health personnel or patients, Violence with individual weapons (knives, bricks, clubs, guns, grenades and improvised explosive devices (IED)",1,0,NO,NO,YES,NO,NO,NO,,Other,health staff,0,1,0,0,0,0
SYR003112,8/31/2019,01:00,Syrian Arab Republic,Confirmed," Violence with heavy weapons (requires more than one person to use such as firearms, tanks, missiles, bombs, mortars)",7,0,YES,YES,YES,YES,YES,YES,health care compound,Secondary,,0,0,0,0,0,0
SYR003104,8/30/2019,20:05,Syrian Arab Republic,Probable," Violence with heavy weapons (requires more than one person to use such as firearms, tanks, missiles, bombs, mortars)",0,0,YES,NO,NO,NO,NO,NO,,Primary,,0,0,0,0,0,0
SYR003105,8/30/2019,17:30,Syrian Arab Republic,Confirmed," Violence with heavy weapons (requires more than one person to use such as firearms, tanks, missiles, bombs, mortars)",0,0,YES,NO,NO,NO,NO,NO,,Primary,,0,0,0,0,0,0
SYR003115,8/30/2019,01:10,Syrian Arab Republic,Confirmed," Violence with heavy weapons (requires more than one person to use such as firearms, tanks, missiles, bombs, mortars)",0,0,YES,NO,NO,YES,NO,NO,,Primary,,0,0,0,0,0,0
SYR003102,8/29/2019,11:00,Syrian Arab Republic,Confirmed," Violence with heavy weapons (requires more than one person to use such as firearms, tanks, missiles, bombs, mortars)",0,0,YES,NO,NO,NO,NO,NO,,Tertiary,,0,0,0,0,0,0
SYR003103,8/27/2019,22:55,Syrian Arab Republic,Confirmed," Violence with heavy weapons (requires more than one person to use such as firearms, tanks, missiles, bombs, mortars)",2,0,YES,NO,NO,NO,YES,NO,,Secondary,,0,0,0,0,0,0
SYR003092,8/20/2019,12:00-18:00,Syrian Arab Republic,Confirmed," Violence with heavy weapons (requires more than one person to use such as firearms, tanks, missiles, bombs, mortars)",0,0,YES,NO,NO,YES,NO,NO,,Secondary,,0,0,0,0,0,0
SYR003076,8/17/2019,11:35,Syrian Arab Republic,Probable," Abduction/Arrest/Detention of health personnel or patients, Violence with individual weapons (knives, bricks, clubs, guns, grenades and improvised explosive devices (IED)",0,0,NO,NO,YES,NO,NO,NO,,Other,Staff arrested,0,1,0,0,0,0
SYR003050,8/14/2019,16:45,Syrian Arab Republic,Confirmed," Violence with heavy weapons (requires more than one person to use such as firearms, tanks, missiles, bombs, mortars)",0,2,NO,YES,YES,NO,NO,NO,,Other,Hama Ambulatory System / Ambulance network ,0,0,0,0,0,0
SYR003024,7/31/2019,18:55,Syrian Arab Republic,Confirmed," Violence with heavy weapons (requires more than one person to use such as firearms, tanks, missiles, bombs, mortars)",0,0,YES,NO,NO,NO,NO,NO,,Primary,,0,0,0,0,0,0
SYR003009,7/26/2019,09:00,Syrian Arab Republic,Possible," Violence with heavy weapons (requires more than one person to use such as firearms, tanks, missiles, bombs, mortars)",0,0,YES,NO,NO,NO,NO,NO,,Primary,,0,0,0,0,0,0
SYR001998,7/22/2019,08:30,Syrian Arab Republic,Confirmed," Violence with heavy weapons (requires more than one person to use such as firearms, tanks, missiles, bombs, mortars)",0,2,YES,NO,YES,NO,NO,NO,,Secondary,,0,0,0,0,0,0
SYR002003,7/21/2019,11:50,Syrian Arab Republic,Confirmed," Violence with heavy weapons (requires more than one person to use such as firearms, tanks, missiles, bombs, mortars)",1,0,YES,NO,NO,NO,NO,NO,,Primary,,0,0,0,0,0,0
SYR001999,7/18/2019,00:40,Syrian Arab Republic,Probable," Violence with heavy weapons (requires more than one person to use such as firearms, tanks, missiles, bombs, mortars)",0,0,YES,NO,NO,NO,NO,NO,,Primary,,0,0,0,0,0,0
SYR001956,7/12/2019,09:10,Syrian Arab Republic,Confirmed," Violence with heavy weapons (requires more than one person to use such as firearms, tanks, missiles, bombs, mortars)",0,0,YES,NO,NO,YES,NO,NO,,Tertiary,,0,0,0,0,0,0
SYR001944,7/10/2019,20:30,Syrian Arab Republic,Confirmed," Violence with heavy weapons (requires more than one person to use such as firearms, tanks, missiles, bombs, mortars)",0,0,YES,NO,NO,YES,NO,NO,,Primary,,0,0,0,0,0,0
SYR001940,7/10/2019,18:35,Syrian Arab Republic,Confirmed," Violence with heavy weapons (requires more than one person to use such as firearms, tanks, missiles, bombs, mortars)",0,0,YES,NO,NO,NO,NO,NO,,Secondary,,0,0,0,0,0,0
SYR001942,7/10/2019,09:40,Syrian Arab Republic,Confirmed," Violence with heavy weapons (requires more than one person to use such as firearms, tanks, missiles, bombs, mortars)",0,0,YES,NO,NO,YES,NO,NO,,Primary,,0,0,0,0,0,0
SYR001957,7/10/2019,09:30,Syrian Arab Republic,Confirmed," Violence with heavy weapons (requires more than one person to use such as firearms, tanks, missiles, bombs, mortars)",14,5,YES,YES,YES,YES,YES,NO,,Secondary,,0,0,0,0,0,0
SYR001907,7/4/2019,14:55,Syrian Arab Republic,Confirmed," Violence with heavy weapons (requires more than one person to use such as firearms, tanks, missiles, bombs, mortars)",0,0,YES,NO,NO,YES,YES,NO,,Secondary,,0,0,0,0,0,0
SYR001875,6/27/2019,13:00,Syrian Arab Republic,Possible," Violence with heavy weapons (requires more than one person to use such as firearms, tanks, missiles, bombs, mortars)",0,0,YES,NO,NO,NO,NO,NO,,Secondary,,0,0,0,0,0,0
SYR001874,6/27/2019,12:55,Syrian Arab Republic,Confirmed," Violence with heavy weapons (requires more than one person to use such as firearms, tanks, missiles, bombs, mortars)",0,0,YES,YES,NO,NO,NO,NO,,Other,headquarter of the ambulance system in Ma'arret al-Numan,0,0,0,0,0,0
SYR001851,6/20/2019,10:45,Syrian Arab Republic,Confirmed," Violence with heavy weapons (requires more than one person to use such as firearms, tanks, missiles, bombs, mortars)",2,4,NO,YES,YES,NO,NO,YES,,Other,,0,0,0,0,0,0
SYR001876,6/17/2019,08:55,Syrian Arab Republic,Confirmed," Abduction/Arrest/Detention of health personnel or patients, Psychological violence/threat of violence/intimidation",0,0,NO,NO,YES,NO,NO,NO,,Other,Community Health Team,1,0,0,0,0,0
SYR001848,6/15/2019,09:30,Syrian Arab Republic,Confirmed," Violence with heavy weapons (requires more than one person to use such as firearms, tanks, missiles, bombs, mortars)",0,0,YES,NO,NO,YES,NO,NO,,Primary,,0,0,0,0,0,0
SYR003109,6/6/2019,07:30,Syrian Arab Republic,Confirmed,Other,0,0,YES,NO,NO,YES,NO,NO,,Secondary,,0,0,0,0,0,0
SYR001909,6/2/2019,21:40,Syrian Arab Republic,Confirmed," Violence with individual weapons (knives, bricks, clubs, guns, grenades and improvised explosive devices (IED)",0,1,NO,NO,YES,NO,NO,NO,,Other,Market (The attack killed at least 20 civilians and wounded 50 others.),0,0,0,0,0,0
SYR001822,5/28/2019,11:30,Syrian Arab Republic,Confirmed," Violence with heavy weapons (requires more than one person to use such as firearms, tanks, missiles, bombs, mortars)",0,0,YES,NO,NO,YES,NO,NO,,Primary,,0,0,0,0,0,0
SYR001744,5/28/2019,10:20,Syrian Arab Republic,Confirmed," Violence with heavy weapons (requires more than one person to use such as firearms, tanks, missiles, bombs, mortars)",0,0,YES,NO,NO,YES,YES,NO,,Secondary,,0,0,0,0,0,0
SYR003110,5/26/2019,16:00,Syrian Arab Republic,Confirmed,Other,4,1,YES,YES,NO,YES,NO,NO,,Secondary,,0,0,0,0,0,0
SYR001708,5/15/2019,14:00,Syrian Arab Republic,Confirmed," Violence with heavy weapons (requires more than one person to use such as firearms, tanks, missiles, bombs, mortars)",0,0,YES,NO,NO,YES,NO,NO,,Tertiary,,0,0,0,0,0,0
SYR001693,5/11/2019,09:00,Syrian Arab Republic,Confirmed," Violence with heavy weapons (requires more than one person to use such as firearms, tanks, missiles, bombs, mortars)",0,0,YES,NO,NO,YES,NO,NO,,Secondary,,0,0,0,0,0,0
SYR001692,5/11/2019,06:05,Syrian Arab Republic,Confirmed," Violence with heavy weapons (requires more than one person to use such as firearms, tanks, missiles, bombs, mortars)",0,0,YES,NO,NO,YES,NO,NO,,Primary,,0,0,0,0,0,0
SYR001694,5/11/2019,00:50,Syrian Arab Republic,Confirmed," Violence with heavy weapons (requires more than one person to use such as firearms, tanks, missiles, bombs, mortars)",0,0,YES,NO,NO,YES,YES,NO,,Secondary,Under non-Govemner of Syria local health directorate. ,0,0,0,0,0,0
SYR001685,5/9/2019,01:00,Syrian Arab Republic,Confirmed," Violence with heavy weapons (requires more than one person to use such as firearms, tanks, missiles, bombs, mortars)",0,0,YES,NO,NO,NO,NO,NO,,Secondary,,0,0,0,0,0,0
SYR001668,5/8/2019,13:30,Syrian Arab Republic,Confirmed," Violence with heavy weapons (requires more than one person to use such as firearms, tanks, missiles, bombs, mortars)",0,1,NO,NO,YES,NO,NO,NO,,Other,Ambulance System,0,0,0,0,0,0
SYR001684,5/8/2019,13:00,Syrian Arab Republic,Confirmed," Violence with heavy weapons (requires more than one person to use such as firearms, tanks, missiles, bombs, mortars)",0,0,YES,NO,NO,NO,NO,NO,,Primary,,0,0,0,0,0,0
SYR001670,5/8/2019,12:35,Syrian Arab Republic,Confirmed," Violence with heavy weapons (requires more than one person to use such as firearms, tanks, missiles, bombs, mortars)",0,0,YES,NO,NO,YES,NO,NO,,Primary,,0,0,0,0,0,0
SYR001669,5/7/2019,12:45,Syrian Arab Republic,Confirmed," Violence with heavy weapons (requires more than one person to use such as firearms, tanks, missiles, bombs, mortars)",0,0,YES,NO,NO,YES,NO,NO,,Primary,,0,0,0,0,0,0
SYR001671,5/7/2019,12:35,Syrian Arab Republic,Confirmed," Violence with heavy weapons (requires more than one person to use such as firearms, tanks, missiles, bombs, mortars)",0,0,YES,NO,NO,YES,NO,NO,,Primary,,0,0,0,0,0,0
SYR001656,5/6/2019,09:00,Syrian Arab Republic,Confirmed," Violence with heavy weapons (requires more than one person to use such as firearms, tanks, missiles, bombs, mortars)",0,0,YES,NO,NO,YES,NO,NO,,Primary,,0,0,0,0,0,0
SYR001655,5/6/2019,02:00,Syrian Arab Republic,Confirmed," Violence with heavy weapons (requires more than one person to use such as firearms, tanks, missiles, bombs, mortars)",0,0,YES,NO,NO,YES,YES,NO,,Tertiary,,0,0,0,0,0,0
SYR001653,5/5/2019,17:20,Syrian Arab Republic,Confirmed," Violence with heavy weapons (requires more than one person to use such as firearms, tanks, missiles, bombs, mortars)",7,2,YES,NO,NO,YES,YES,YES,,Secondary,,0,0,0,0,0,0
SYR001652,5/5/2019,14:40,Syrian Arab Republic,Confirmed," Violence with heavy weapons (requires more than one person to use such as firearms, tanks, missiles, bombs, mortars)",0,0,YES,NO,NO,YES,YES,NO,,Secondary,,0,0,0,0,0,0
SYR001654,5/5/2019,12:25,Syrian Arab Republic,Confirmed," Violence with heavy weapons (requires more than one person to use such as firearms, tanks, missiles, bombs, mortars)",0,0,YES,NO,NO,YES,NO,NO,,Secondary,,0,0,0,0,0,0
SYR001649,5/5/2019,11:00,Syrian Arab Republic,Confirmed," Violence with heavy weapons (requires more than one person to use such as firearms, tanks, missiles, bombs, mortars)",0,2,NO,YES,YES,NO,NO,NO,,Other,staff members,0,0,0,0,0,0
SYR001648,5/3/2019,12:00,Syrian Arab Republic,Confirmed," Violence with heavy weapons (requires more than one person to use such as firearms, tanks, missiles, bombs, mortars)",0,0,YES,NO,NO,YES,Unknown,NO,,Primary,,0,0,0,0,0,0
SYR001642,5/2/2019,11:20,Syrian Arab Republic,Confirmed," Violence with heavy weapons (requires more than one person to use such as firearms, tanks, missiles, bombs, mortars)",0,0,NO,YES,NO,NO,NO,NO,,Primary,,0,0,0,0,0,0
SYR001641,5/1/2019,11:30,Syrian Arab Republic,Confirmed," Violence with heavy weapons (requires more than one person to use such as firearms, tanks, missiles, bombs, mortars)",0,0,YES,NO,NO,YES,NO,NO,,Primary,,0,0,0,0,0,0
SYR001638,5/1/2019,09:00,Syrian Arab Republic,Confirmed," Violence with heavy weapons (requires more than one person to use such as firearms, tanks, missiles, bombs, mortars)",0,0,YES,NO,NO,YES,NO,NO,,Secondary,,0,0,0,0,0,0
SYR001621,4/30/2019,10:00,Syrian Arab Republic,Confirmed," Violence with heavy weapons (requires more than one person to use such as firearms, tanks, missiles, bombs, mortars)",0,0,YES,NO,NO,YES,NO,NO,,Primary,,0,0,0,0,0,0
SYR001601,4/28/2019,18:30,Syrian Arab Republic,Confirmed," Violence with heavy weapons (requires more than one person to use such as firearms, tanks, missiles, bombs, mortars)",0,0,YES,YES,NO,YES,NO,NO,,Secondary,,0,0,0,0,0,0
SYR001600,4/28/2019,02:15,Syrian Arab Republic,Confirmed," Violence with heavy weapons (requires more than one person to use such as firearms, tanks, missiles, bombs, mortars)",0,0,YES,YES,NO,YES,NO,NO,,Secondary,,0,0,0,0,0,0
SYR001526,4/7/2019,07:40,Syrian Arab Republic,Confirmed," Violence with heavy weapons (requires more than one person to use such as firearms, tanks, missiles, bombs, mortars)",15,5,YES,YES,YES,YES,NO,YES,,Secondary,,0,0,0,0,0,0
SYR001457,3/26/2019,10:05,Syrian Arab Republic,Confirmed," Violence with heavy weapons (requires more than one person to use such as firearms, tanks, missiles, bombs, mortars)",0,0,NO,YES,NO,YES,NO,NO,,Other,Ambulance Center,0,0,0,0,0,0
SYR001398,3/9/2019,20:30,Syrian Arab Republic,Confirmed," Violence with heavy weapons (requires more than one person to use such as firearms, tanks, missiles, bombs, mortars)",0,0,YES,YES,NO,NO,NO,NO,,Other,HQ of Ambulance System,0,0,0,0,0,0
SYR001389,3/9/2019,19:50,Syrian Arab Republic,Confirmed," Violence with heavy weapons (requires more than one person to use such as firearms, tanks, missiles, bombs, mortars)",0,0,YES,NO,NO,YES,NO,NO,,Secondary,,0,0,0,0,0,0
SYR001399,3/9/2019,19:45,Syrian Arab Republic,Confirmed," Violence with heavy weapons (requires more than one person to use such as firearms, tanks, missiles, bombs, mortars)",1,0,YES,YES,NO,NO,NO,NO,,Other,Blood Bank ,0,0,0,0,0,0
SYR001196,2/18/2019,13:00,Syrian Arab Republic,Confirmed," Violence with individual weapons (knives, bricks, clubs, guns, grenades and improvised explosive devices (IED)",30,17,NO,YES,YES,NO,NO,NO,"Affected project: HF project, Project Code: TUR-18/3559/RANOV18/H/NGO/11325 supported by the Turkey Humanitarian Fund",Mobile Clinic,Ambulance vehicle,0,0,0,0,0,0
SYR001097,1/26/2019,07:45,Syrian Arab Republic,Confirmed," Abduction/Arrest/Detention of health personnel or patients, Armed or violent search of health care personnel, facility or transport",0,0,NO,NO,YES,NO,NO,NO,,Secondary,health Staff arrested,0,1,0,0,0,0
SYR001096,1/6/2019,03:30,Syrian Arab Republic,Confirmed," Removal of health care assets (e.g. transport, supplies, materials)",0,0,NO,NO,NO,YES,NO,NO,,Secondary,,0,0,0,0,0,0
SYR000984,12/12/2018,13:15,Syrian Arab Republic,Confirmed," Violence with heavy weapons (requires more than one person to use such as firearms, tanks, missiles, bombs, mortars)",20,4,YES,NO,NO,YES,YES,NO,,Secondary,,0,0,0,0,0,0
SYR000980,12/10/2018,11:00,Syrian Arab Republic,Confirmed," Abduction/Arrest/Detention of health personnel or patients, Psychological violence/threat of violence/intimidation, Violence with individual weapons (knives, bricks, clubs, guns, grenades and improvised explosive devices (IED)",0,0,NO,NO,YES,NO,NO,NO,,Other,Hama Health Directorate,0,2,0,0,0,0
SYR000985,12/2/2018,09:30,Syrian Arab Republic,Confirmed," Abduction/Arrest/Detention of health personnel or patients, Assault (without weapons), Psychological violence/threat of violence/intimidation",0,0,NO,NO,YES,NO,NO,NO,,Other,health Staff arrested,0,1,0,0,0,0
SYR000965,11/29/2018,16:10,Syrian Arab Republic,Probable," Violence with heavy weapons (requires more than one person to use such as firearms, tanks, missiles, bombs, mortars)",0,0,YES,NO,YES,YES,YES,YES,,,,0,0,0,0,0,0
SYR000905,11/15/2018,18:00,Syrian Arab Republic,Confirmed," Armed or violent search of health care personnel, facility or transport",0,1,NO,NO,YES,NO,NO,NO,,Other,Health Staff,0,0,0,0,0,0
SYR000827,10/29/2018,17:30,Syrian Arab Republic,Confirmed," Psychological violence/threat of violence/intimidation, Violence with individual weapons (knives, bricks, clubs, guns, grenades and improvised explosive devices (IED)",0,0,YES,NO,NO,NO,NO,NO,,Primary,,0,0,0,0,0,0
SYR000825,10/20/2018,11:30,Syrian Arab Republic,Confirmed, Assault (without weapons),0,0,YES,NO,YES,NO,NO,NO,,Primary,,0,0,0,0,0,0
SYR000775,10/2/2018,09:45,Syrian Arab Republic,Confirmed," Violence with individual weapons (knives, bricks, clubs, guns, grenades and improvised explosive devices (IED)",0,0,NO,YES,NO,YES,NO,NO,,,,0,0,0,0,0,0
SYR000696,9/26/2018,15:30,Syrian Arab Republic,Confirmed," Abduction/Arrest/Detention of health personnel or patients, Violence with individual weapons (knives, bricks, clubs, guns, grenades and improvised explosive devices (IED)",0,0,NO,NO,YES,NO,NO,NO,,Primary,,1,0,0,0,0,0
SYR000671,9/8/2018,16:00,Syrian Arab Republic,Confirmed," Violence with heavy weapons (requires more than one person to use such as firearms, tanks, missiles, bombs, mortars)",4,0,YES,NO,YES,YES,YES,NO,,Secondary,,0,0,0,0,0,0
SYR000667,9/8/2018,11:00,Syrian Arab Republic,Confirmed," Violence with heavy weapons (requires more than one person to use such as firearms, tanks, missiles, bombs, mortars)",0,0,YES,YES,NO,YES,YES,NO,,Secondary,,0,0,0,0,0,0
SYR000663,9/6/2018,11:30,Syrian Arab Republic,Confirmed," Violence with heavy weapons (requires more than one person to use such as firearms, tanks, missiles, bombs, mortars)",0,0,YES,NO,NO,YES,YES,NO,,Secondary,,0,0,0,0,0,0
SYR000628,8/30/2018,23:05,Syrian Arab Republic,Confirmed," Abduction/Arrest/Detention of health personnel or patients, Assault (without weapons)",0,0,NO,NO,YES,NO,NO,NO,,Secondary,Doctor kidnapped ,1,0,0,0,0,0
SYR000625,8/22/2018,22:30,Syrian Arab Republic,Confirmed," Violence with heavy weapons (requires more than one person to use such as firearms, tanks, missiles, bombs, mortars)",0,0,YES,Unknown,Unknown,Unknown,Unknown,Unknown,,Tertiary,,0,0,0,0,0,0
SYR000624,8/10/2018,23:05,Syrian Arab Republic,Confirmed," Violence with heavy weapons (requires more than one person to use such as firearms, tanks, missiles, bombs, mortars)",0,0,YES,NO,NO,YES,NO,NO,,Secondary,,0,0,0,0,0,0
SYR000609,8/7/2018,06:00,Syrian Arab Republic,Confirmed," Abduction/Arrest/Detention of health personnel or patients, Violence with individual weapons (knives, bricks, clubs, guns, grenades and improvised explosive devices (IED)",0,0,NO,YES,YES,NO,NO,NO,,Other,Health Staff kidnapped ,1,0,0,0,0,0
SYR000606,8/4/2018,00:15,Syrian Arab Republic,Confirmed,Other,0,0,YES,NO,NO,NO,NO,NO,,Secondary,,0,0,0,0,0,0
SYR000603,7/29/2018,19:00,Syrian Arab Republic,Confirmed, Assault (without weapons),0,0,YES,NO,YES,NO,NO,YES,,Secondary,,0,0,0,0,0,0
SYR000594,7/17/2018,21:50,Syrian Arab Republic,Confirmed," Violence with heavy weapons (requires more than one person to use such as firearms, tanks, missiles, bombs, mortars)",0,0,YES,YES,Unknown,YES,Unknown,Unknown,,Secondary,,0,0,0,0,0,0
SYR000580,7/9/2018,08:00,Syrian Arab Republic,Confirmed," Abduction/Arrest/Detention of health personnel or patients, Violence with individual weapons (knives, bricks, clubs, guns, grenades and improvised explosive devices (IED)",0,0,NO,NO,YES,NO,NO,NO,,Other,Health Staff,1,0,0,0,0,0
SYR000575,7/5/2018,18:10,Syrian Arab Republic,Confirmed," Violence with heavy weapons (requires more than one person to use such as firearms, tanks, missiles, bombs, mortars)",0,0,YES,NO,NO,YES,NO,NO,,,,0,0,0,0,0,0
SYR000579,7/2/2018,17:00,Syrian Arab Republic,Confirmed," Abduction/Arrest/Detention of health personnel or patients, Violence with individual weapons (knives, bricks, clubs, guns, grenades and improvised explosive devices (IED)",0,0,NO,NO,YES,NO,NO,NO,,Other,health staff,0,1,0,0,0,0
SYR000558,6/27/2018,16:00,Syrian Arab Republic,Confirmed," Violence with heavy weapons (requires more than one person to use such as firearms, tanks, missiles, bombs, mortars)",2,1,YES,Unknown,YES,YES,Unknown,Unknown,,Secondary,,0,0,0,0,0,0
SYR000570,6/27/2018,15:00,Syrian Arab Republic,Confirmed," Violence with heavy weapons (requires more than one person to use such as firearms, tanks, missiles, bombs, mortars)",3,1,YES,Unknown,YES,YES,Unknown,Unknown,,Secondary,,0,0,0,0,0,0
SYR000554,6/27/2018,10:30,Syrian Arab Republic,Confirmed," Violence with heavy weapons (requires more than one person to use such as firearms, tanks, missiles, bombs, mortars)",0,0,YES,Unknown,Unknown,Unknown,Unknown,Unknown,,Primary,,0,0,0,0,0,0
SYR000552,6/27/2018,10:05,Syrian Arab Republic,Confirmed," Violence with heavy weapons (requires more than one person to use such as firearms, tanks, missiles, bombs, mortars)",0,0,NO,Unknown,Unknown,YES,Unknown,Unknown,,Secondary,"Also contain OPD, Dialysis services and neonatology",0,0,0,0,0,0
SYR000553,6/27/2018,01:00,Syrian Arab Republic,Confirmed," Violence with heavy weapons (requires more than one person to use such as firearms, tanks, missiles, bombs, mortars)",0,0,YES,Unknown,Unknown,Unknown,Unknown,Unknown,,Secondary,,0,0,0,0,0,0
SYR000565,6/26/2018,23:30,Syrian Arab Republic,Confirmed," Violence with heavy weapons (requires more than one person to use such as firearms, tanks, missiles, bombs, mortars)",0,0,YES,Unknown,Unknown,YES,Unknown,Unknown,,Primary,,0,0,0,0,0,0
SYR000557,6/26/2018,18:30,Syrian Arab Republic,Confirmed," Violence with heavy weapons (requires more than one person to use such as firearms, tanks, missiles, bombs, mortars)",0,0,NO,NO,NO,YES,NO,NO,,Secondary,,0,0,0,0,0,0
SYR000501,6/24/2018,17:00,Syrian Arab Republic,Confirmed," Violence with heavy weapons (requires more than one person to use such as firearms, tanks, missiles, bombs, mortars)",0,1,YES,NO,NO,YES,NO,NO,,Primary,,0,0,0,0,0,0
SYR000499,6/6/2018,12:30,Syrian Arab Republic,Confirmed," Abduction/Arrest/Detention of health personnel or patients, Violence with individual weapons (knives, bricks, clubs, guns, grenades and improvised explosive devices (IED)",0,0,NO,NO,YES,NO,NO,NO,,Other,health Staff Arrested,0,1,0,0,0,0
SYR000282,5/12/2018,20:20,Syrian Arab Republic,Confirmed," Violence with individual weapons (knives, bricks, clubs, guns, grenades and improvised explosive devices (IED)",0,0,YES,NO,NO,YES,NO,NO,,,,0,0,0,0,0,0
SYR000422,5/12/2018,13:30,Syrian Arab Republic,Confirmed," Violence with heavy weapons (requires more than one person to use such as firearms, tanks, missiles, bombs, mortars)",0,0,YES,NO,NO,YES,NO,NO,,Mobile Clinic,,0,0,0,0,0,0
SYR000265,5/2/2018,10:05,Syrian Arab Republic,Confirmed," Violence with heavy weapons (requires more than one person to use such as firearms, tanks, missiles, bombs, mortars)",3,1,YES,NO,YES,YES,YES,NO,,Secondary,,0,0,0,0,0,0
SYR000247,4/30/2018,12:40,Syrian Arab Republic,Confirmed," Violence with heavy weapons (requires more than one person to use such as firearms, tanks, missiles, bombs, mortars)",0,0,NO,NO,NO,NO,YES,NO,,Warehouse,,0,0,0,0,0,0
SYR000258,4/29/2018,10:25,Syrian Arab Republic,Confirmed," Violence with heavy weapons (requires more than one person to use such as firearms, tanks, missiles, bombs, mortars)",0,0,YES,YES,NO,YES,YES,NO,,Primary,,0,0,0,0,0,0
SYR000255,4/29/2018,10:05,Syrian Arab Republic,Confirmed," Violence with heavy weapons (requires more than one person to use such as firearms, tanks, missiles, bombs, mortars)",1,1,YES,NO,YES,YES,NO,NO,,Secondary,,0,0,0,0,0,0
SYR000257,4/29/2018,10:00,Syrian Arab Republic,Probable," Abduction/Arrest/Detention of health personnel or patients, Armed or violent search of health care personnel, facility or transport, Removal of health care assets (e.g. transport, supplies, materials), Violence with individual weapons (knives, bricks, clubs, guns, grenades and improvised explosive devices (IED)",0,0,NO,NO,YES,YES,NO,NO,,Other,No Facility Impacted - Dar’a Health Directorate,0,1,0,0,0,0
SYR000256,4/28/2018,11:20,Syrian Arab Republic,Confirmed, Setting fire,0,0,YES,NO,NO,YES,NO,NO,,Primary,,0,0,0,0,0,0
SYR000253,4/26/2018,22:05,Syrian Arab Republic,Confirmed," Violence with heavy weapons (requires more than one person to use such as firearms, tanks, missiles, bombs, mortars)",0,0,YES,YES,NO,YES,NO,NO,,Other,Ambulance Center,0,0,0,0,0,0
SYR000254,4/26/2018,20:15,Syrian Arab Republic,Probable," Violence with individual weapons (knives, bricks, clubs, guns, grenades and improvised explosive devices (IED)",0,1,NO,NO,YES,NO,NO,NO,,Pharmacy,,0,0,0,0,0,0
SYR000262,4/25/2018,13:40,Syrian Arab Republic,Probable," Violence with heavy weapons (requires more than one person to use such as firearms, tanks, missiles, bombs, mortars)",0,0,YES,NO,NO,NO,NO,NO,,Primary,,0,0,0,0,0,0
SYR000261,4/22/2018,23:00,Syrian Arab Republic,Confirmed," Violence with heavy weapons (requires more than one person to use such as firearms, tanks, missiles, bombs, mortars)",0,0,YES,NO,NO,YES,NO,NO,,Other,Vaccination center,0,0,0,0,0,0
SYR000259,4/17/2018,08:00,Syrian Arab Republic,Confirmed," Violence with heavy weapons (requires more than one person to use such as firearms, tanks, missiles, bombs, mortars)",1,0,NO,NO,YES,NO,NO,NO,,Other,Health Care Personnel,0,0,0,0,0,0
SYR000206,4/15/2018,05:20,Syrian Arab Republic,Confirmed," Violence with heavy weapons (requires more than one person to use such as firearms, tanks, missiles, bombs, mortars)",0,0,YES,NO,NO,NO,NO,NO,,Secondary,,0,0,0,0,0,0
SYR000246,4/11/2018,22:30,Syrian Arab Republic,Confirmed," Abduction/Arrest/Detention of health personnel or patients, Armed or violent search of health care personnel, facility or transport, Psychological violence/threat of violence/intimidation, Violence with individual weapons (knives, bricks, clubs, guns, grenades and improvised explosive devices (IED)",0,0,NO,NO,YES,NO,NO,NO,,Other,Health worker,1,0,0,0,0,0
SYR000124,4/8/2018,11:10,Syrian Arab Republic,Confirmed," Violence with heavy weapons (requires more than one person to use such as firearms, tanks, missiles, bombs, mortars)",0,0,YES,NO,YES,YES,YES,NO,,Primary,,0,0,0,0,0,0
SYR000123,4/7/2018,22:00,Syrian Arab Republic,Confirmed," Violence with heavy weapons (requires more than one person to use such as firearms, tanks, missiles, bombs, mortars)",0,0,YES,NO,NO,YES,YES,YES,,Tertiary,,0,0,0,0,0,0
SYR000122,4/7/2018,20:00,Syrian Arab Republic,Confirmed," Violence with heavy weapons (requires more than one person to use such as firearms, tanks, missiles, bombs, mortars)",0,0,YES,NO,NO,NO,NO,NO,,Secondary,,0,0,0,0,0,0
SYR000126,4/7/2018,14:50,Syrian Arab Republic,Confirmed," Violence with heavy weapons (requires more than one person to use such as firearms, tanks, missiles, bombs, mortars)",0,0,YES,Unknown,NO,YES,NO,NO,,Primary,,0,0,0,0,0,0
SYR000248,4/1/2018,11:10,Syrian Arab Republic,Confirmed," Violence with heavy weapons (requires more than one person to use such as firearms, tanks, missiles, bombs, mortars)",2,0,YES,NO,YES,YES,NO,NO,,Primary,,0,0,0,0,0,0
SYR000085,3/20/2018,17:00,Syrian Arab Republic,Confirmed," Violence with heavy weapons (requires more than one person to use such as firearms, tanks, missiles, bombs, mortars)",0,1,YES,NO,NO,YES,NO,YES,,Secondary,,0,0,0,0,0,0
SYR000420,3/18/2018,15:00,Syrian Arab Republic,Confirmed," Violence with heavy weapons (requires more than one person to use such as firearms, tanks, missiles, bombs, mortars)",1,1,YES,NO,YES,YES,NO,NO,,Tertiary,,0,0,0,0,0,0
SYR000090,3/12/2018,07:30,Syrian Arab Republic,Confirmed," Violence with heavy weapons (requires more than one person to use such as firearms, tanks, missiles, bombs, mortars)",0,0,YES,NO,NO,NO,NO,NO,,Tertiary,,0,0,0,0,0,0
SYR000086,3/10/2018,06:00,Syrian Arab Republic,Confirmed," Violence with heavy weapons (requires more than one person to use such as firearms, tanks, missiles, bombs, mortars)",1,0,YES,NO,YES,YES,NO,NO,,Secondary,,0,0,0,0,0,0
SYR000435,3/9/2018,13:35,Syrian Arab Republic,Confirmed," Violence with heavy weapons (requires more than one person to use such as firearms, tanks, missiles, bombs, mortars)",0,0,YES,NO,NO,YES,NO,NO,,Tertiary,,0,0,0,0,0,0
SYR000088,3/8/2018,08:00,Syrian Arab Republic,Confirmed," Violence with heavy weapons (requires more than one person to use such as firearms, tanks, missiles, bombs, mortars)",0,0,YES,NO,NO,NO,NO,NO,,Secondary,,0,0,0,0,0,0
SYR000432,3/8/2018,00:00,Syrian Arab Republic,Confirmed," Violence with heavy weapons (requires more than one person to use such as firearms, tanks, missiles, bombs, mortars)",1,0,YES,NO,NO,NO,NO,NO,,Tertiary,,0,0,0,0,0,0
SYR000089,3/7/2018,11:00,Syrian Arab Republic,Confirmed," Violence with heavy weapons (requires more than one person to use such as firearms, tanks, missiles, bombs, mortars)",0,0,YES,NO,NO,YES,NO,NO,,,,0,0,0,0,0,0
SYR000430,3/6/2018,08:00,Syrian Arab Republic,Confirmed," Violence with heavy weapons (requires more than one person to use such as firearms, tanks, missiles, bombs, mortars)",2,0,YES,NO,NO,NO,NO,NO,,Secondary,,0,0,0,0,0,0
SYR000428,3/5/2018,21:00,Syrian Arab Republic,Confirmed," Violence with heavy weapons (requires more than one person to use such as firearms, tanks, missiles, bombs, mortars)",1,0,YES,NO,YES,YES,NO,YES,,Tertiary,,0,0,0,0,0,0
SYR000425,3/5/2018,10:30,Syrian Arab Republic,Confirmed," Violence with heavy weapons (requires more than one person to use such as firearms, tanks, missiles, bombs, mortars)",2,0,YES,NO,NO,NO,NO,NO,,Secondary,,0,0,0,0,0,0
SYR000087,3/4/2018,18:15,Syrian Arab Republic,Possible," Violence with heavy weapons (requires more than one person to use such as firearms, tanks, missiles, bombs, mortars)",0,23,YES,YES,YES,YES,NO,YES,,Tertiary,,0,0,0,0,0,0
SYR000423,3/3/2018,09:35,Syrian Arab Republic,Confirmed," Violence with heavy weapons (requires more than one person to use such as firearms, tanks, missiles, bombs, mortars)",0,0,YES,NO,NO,YES,NO,NO,,Tertiary,,0,0,0,0,0,0
SYR000424,3/3/2018,09:25,Syrian Arab Republic,Confirmed," Violence with heavy weapons (requires more than one person to use such as firearms, tanks, missiles, bombs, mortars)",1,0,YES,NO,NO,YES,NO,NO,,Tertiary,,0,0,0,0,0,0
SYR000416,2/28/2018,13:00,Syrian Arab Republic,Confirmed," Violence with heavy weapons (requires more than one person to use such as firearms, tanks, missiles, bombs, mortars)",0,0,YES,NO,NO,YES,NO,NO,,Tertiary,,0,0,0,0,0,0
SYR000418,2/28/2018,11:30,Syrian Arab Republic,Confirmed," Violence with heavy weapons (requires more than one person to use such as firearms, tanks, missiles, bombs, mortars)",17,3,YES,NO,YES,NO,NO,NO,,Primary,,0,0,0,0,0,0
SYR000404,2/27/2018,10:00,Syrian Arab Republic,Confirmed," Violence with heavy weapons (requires more than one person to use such as firearms, tanks, missiles, bombs, mortars)",0,0,YES,NO,NO,YES,NO,NO,,Tertiary,,0,0,0,0,0,0
SYR000410,2/26/2018,12:35,Syrian Arab Republic,Confirmed," Violence with heavy weapons (requires more than one person to use such as firearms, tanks, missiles, bombs, mortars)",0,0,YES,NO,NO,YES,NO,NO,,Secondary,,0,0,0,0,0,0
SYR000411,2/26/2018,00:00,Syrian Arab Republic,Confirmed," Violence with heavy weapons (requires more than one person to use such as firearms, tanks, missiles, bombs, mortars)",0,0,NO,NO,NO,NO,YES,NO,,Warehouse,,0,0,0,0,0,0
SYR000413,2/26/2018,00:00,Syrian Arab Republic,Confirmed," Violence with heavy weapons (requires more than one person to use such as firearms, tanks, missiles, bombs, mortars)",0,0,NO,NO,NO,NO,NO,NO,,Secondary,,0,0,0,0,0,0
SYR000408,2/23/2018,12:30,Syrian Arab Republic,Confirmed," Violence with heavy weapons (requires more than one person to use such as firearms, tanks, missiles, bombs, mortars)",0,1,NO,NO,YES,NO,NO,NO,,,,0,0,0,0,0,0
SYR000103,2/23/2018,12:15,Syrian Arab Republic,Confirmed," Violence with heavy weapons (requires more than one person to use such as firearms, tanks, missiles, bombs, mortars)",0,1,YES,NO,YES,NO,NO,NO,,Primary,,0,0,0,0,0,0
SYR000093,2/22/2018,16:30,Syrian Arab Republic,Confirmed," Violence with heavy weapons (requires more than one person to use such as firearms, tanks, missiles, bombs, mortars)",3,0,YES,NO,NO,NO,NO,NO,,,,0,0,0,0,0,0
SYR000099,2/21/2018,23:00,Syrian Arab Republic,Confirmed," Violence with heavy weapons (requires more than one person to use such as firearms, tanks, missiles, bombs, mortars)",0,0,YES,NO,NO,NO,NO,NO,,,,0,0,0,0,0,0
SYR000100,2/21/2018,22:30,Syrian Arab Republic,Confirmed," Violence with heavy weapons (requires more than one person to use such as firearms, tanks, missiles, bombs, mortars)",0,0,YES,NO,NO,NO,NO,NO,,Primary,,0,0,0,0,0,0
SYR000097,2/21/2018,22:10,Syrian Arab Republic,Confirmed," Violence with heavy weapons (requires more than one person to use such as firearms, tanks, missiles, bombs, mortars)",0,0,YES,NO,NO,NO,NO,NO,,,,0,0,0,0,0,0
SYR000101,2/21/2018,21:30,Syrian Arab Republic,Confirmed," Violence with heavy weapons (requires more than one person to use such as firearms, tanks, missiles, bombs, mortars)",0,0,YES,NO,NO,NO,NO,NO,,Primary,,0,0,0,0,0,0
SYR000096,2/21/2018,18:15,Syrian Arab Republic,Confirmed," Violence with heavy weapons (requires more than one person to use such as firearms, tanks, missiles, bombs, mortars)",0,0,YES,NO,NO,NO,NO,NO,,,,0,0,0,0,0,0
SYR000098,2/21/2018,16:30,Syrian Arab Republic,Confirmed," Violence with heavy weapons (requires more than one person to use such as firearms, tanks, missiles, bombs, mortars)",0,0,YES,NO,NO,NO,NO,NO,,Primary,,0,0,0,0,0,0
SYR000102,2/21/2018,16:15,Syrian Arab Republic,Confirmed," Violence with heavy weapons (requires more than one person to use such as firearms, tanks, missiles, bombs, mortars)",0,0,NO,YES,NO,NO,NO,NO,,,,0,0,0,0,0,0
SYR000095,2/21/2018,16:00,Syrian Arab Republic,Confirmed," Violence with heavy weapons (requires more than one person to use such as firearms, tanks, missiles, bombs, mortars)",0,0,YES,NO,NO,NO,NO,NO,,,,0,0,0,0,0,0
SYR000082,2/20/2018,21:05,Syrian Arab Republic,Confirmed," Violence with heavy weapons (requires more than one person to use such as firearms, tanks, missiles, bombs, mortars)",0,0,YES,NO,NO,NO,NO,NO,,,,0,0,0,0,0,0
SYR000080,2/20/2018,20:50,Syrian Arab Republic,Confirmed," Violence with heavy weapons (requires more than one person to use such as firearms, tanks, missiles, bombs, mortars)",0,0,YES,YES,NO,NO,NO,NO,,,,0,0,0,0,0,0
SYR000091,2/20/2018,19:45,Syrian Arab Republic,Confirmed," Violence with heavy weapons (requires more than one person to use such as firearms, tanks, missiles, bombs, mortars)",0,0,YES,NO,NO,NO,NO,NO,,,,0,0,0,0,0,0
SYR000083,2/20/2018,18:20,Syrian Arab Republic,Confirmed," Violence with heavy weapons (requires more than one person to use such as firearms, tanks, missiles, bombs, mortars)",0,0,YES,NO,NO,NO,NO,NO,,,,0,0,0,0,0,0
SYR000094,2/20/2018,17:20,Syrian Arab Republic,Confirmed," Violence with heavy weapons (requires more than one person to use such as firearms, tanks, missiles, bombs, mortars)",0,1,YES,NO,YES,NO,NO,NO,,,,0,0,0,0,0,0
SYR000079,2/20/2018,17:00,Syrian Arab Republic,Confirmed," Violence with heavy weapons (requires more than one person to use such as firearms, tanks, missiles, bombs, mortars)",0,0,YES,NO,NO,NO,NO,NO,,,,0,0,0,0,0,0
SYR000081,2/20/2018,10:10,Syrian Arab Republic,Confirmed," Violence with heavy weapons (requires more than one person to use such as firearms, tanks, missiles, bombs, mortars)",0,0,NO,NO,NO,NO,YES,NO,,Warehouse,,0,0,0,0,0,0
SYR000092,2/20/2018,02:15,Syrian Arab Republic,Confirmed," Violence with heavy weapons (requires more than one person to use such as firearms, tanks, missiles, bombs, mortars)",0,0,YES,YES,NO,NO,NO,NO,,,,0,0,0,0,0,0
SYR000073,2/19/2018,22:20,Syrian Arab Republic,Confirmed," Violence with heavy weapons (requires more than one person to use such as firearms, tanks, missiles, bombs, mortars)",0,0,YES,NO,NO,NO,NO,NO,,,,0,0,0,0,0,0
SYR000076,2/19/2018,20:30,Syrian Arab Republic,Confirmed," Violence with heavy weapons (requires more than one person to use such as firearms, tanks, missiles, bombs, mortars)",0,7,YES,NO,YES,NO,NO,YES,,,,0,0,0,0,0,0
SYR000077,2/19/2018,20:15,Syrian Arab Republic,Confirmed," Violence with heavy weapons (requires more than one person to use such as firearms, tanks, missiles, bombs, mortars)",0,0,Unknown,YES,NO,NO,NO,NO,,,,0,0,0,0,0,0
SYR000074,2/19/2018,18:00,Syrian Arab Republic,Confirmed," Violence with heavy weapons (requires more than one person to use such as firearms, tanks, missiles, bombs, mortars)",0,0,YES,NO,NO,NO,NO,NO,,,,0,0,0,0,0,0
SYR000078,2/19/2018,15:15,Syrian Arab Republic,Confirmed," Violence with heavy weapons (requires more than one person to use such as firearms, tanks, missiles, bombs, mortars)",0,0,YES,NO,NO,NO,NO,NO,,Primary,,0,0,0,0,0,0
SYR000075,2/19/2018,12:15,Syrian Arab Republic,Confirmed," Violence with heavy weapons (requires more than one person to use such as firearms, tanks, missiles, bombs, mortars)",0,1,YES,YES,YES,NO,NO,NO,,,,0,0,0,0,0,0
SYR000072,2/18/2018,18:00,Syrian Arab Republic,Confirmed," Violence with heavy weapons (requires more than one person to use such as firearms, tanks, missiles, bombs, mortars)",4,0,YES,NO,Unknown,NO,NO,YES,,,,0,0,0,0,0,0
SYR000071,2/14/2018,09:10,Syrian Arab Republic,Confirmed," Violence with heavy weapons (requires more than one person to use such as firearms, tanks, missiles, bombs, mortars)",0,0,YES,NO,NO,NO,NO,NO,,,,0,0,0,0,0,0
SYR000070,2/8/2018,09:50,Syrian Arab Republic,Confirmed," Violence with heavy weapons (requires more than one person to use such as firearms, tanks, missiles, bombs, mortars)",14,5,YES,NO,YES,NO,NO,YES,,Primary,,0,0,0,0,0,0
SYR000069,2/8/2018,04:00,Syrian Arab Republic,Confirmed," Violence with heavy weapons (requires more than one person to use such as firearms, tanks, missiles, bombs, mortars)",0,4,YES,NO,NO,NO,NO,NO,,,,0,0,0,0,0,0
SYR000065,2/6/2018,13:00,Syrian Arab Republic,Confirmed," Violence with heavy weapons (requires more than one person to use such as firearms, tanks, missiles, bombs, mortars)",3,0,YES,NO,YES,NO,NO,YES,,,,0,0,0,0,0,0
SYR000066,2/6/2018,13:00,Syrian Arab Republic,Confirmed," Violence with heavy weapons (requires more than one person to use such as firearms, tanks, missiles, bombs, mortars)",0,0,YES,NO,NO,NO,NO,NO,,,,0,0,0,0,0,0
SYR000067,2/6/2018,10:45,Syrian Arab Republic,Confirmed," Violence with heavy weapons (requires more than one person to use such as firearms, tanks, missiles, bombs, mortars)",0,7,YES,NO,NO,NO,NO,NO,,,,0,0,0,0,0,0
SYR000068,2/6/2018,08:50,Syrian Arab Republic,Confirmed," Violence with heavy weapons (requires more than one person to use such as firearms, tanks, missiles, bombs, mortars)",0,0,YES,NO,NO,NO,NO,NO,,,,0,0,0,0,0,0
SYR000062,2/5/2018,17:00,Syrian Arab Republic,Confirmed," Violence with heavy weapons (requires more than one person to use such as firearms, tanks, missiles, bombs, mortars)",0,0,YES,NO,NO,NO,NO,NO,,,,0,0,0,0,0,0
SYR000063,2/5/2018,16:20,Syrian Arab Republic,Confirmed," Violence with heavy weapons (requires more than one person to use such as firearms, tanks, missiles, bombs, mortars)",0,0,YES,NO,NO,NO,NO,NO,,Primary,,0,0,0,0,0,0
SYR000064,2/5/2018,09:00,Syrian Arab Republic,Confirmed," Violence with heavy weapons (requires more than one person to use such as firearms, tanks, missiles, bombs, mortars)",1,0,YES,YES,YES,NO,NO,NO,,,,0,0,0,0,0,0
SYR000060,2/4/2018,20:00,Syrian Arab Republic,Confirmed," Violence with heavy weapons (requires more than one person to use such as firearms, tanks, missiles, bombs, mortars)",0,0,YES,NO,NO,NO,NO,NO,,Primary,,0,0,0,0,0,0
SYR000061,2/4/2018,20:00,Syrian Arab Republic,Confirmed," Violence with heavy weapons (requires more than one person to use such as firearms, tanks, missiles, bombs, mortars)",7,0,YES,NO,NO,NO,NO,YES,,,,0,0,0,0,0,0
SYR000059,2/2/2018,11:05,Syrian Arab Republic,Confirmed," Violence with heavy weapons (requires more than one person to use such as firearms, tanks, missiles, bombs, mortars)",0,0,YES,NO,NO,NO,NO,NO,,Primary,,0,0,0,0,0,0
SYR000058,2/1/2018,11:10,Syrian Arab Republic,Confirmed," Violence with heavy weapons (requires more than one person to use such as firearms, tanks, missiles, bombs, mortars)",0,0,YES,NO,NO,NO,NO,NO,,,,0,0,0,0,0,0
SYR000057,1/30/2018,18:55,Syrian Arab Republic,Confirmed," Violence with heavy weapons (requires more than one person to use such as firearms, tanks, missiles, bombs, mortars)",0,0,YES,NO,NO,NO,NO,NO,,Primary,,0,0,0,0,0,0
SYR000056,1/30/2018,11:00,Syrian Arab Republic,Confirmed," Violence with heavy weapons (requires more than one person to use such as firearms, tanks, missiles, bombs, mortars)",0,0,YES,NO,NO,NO,NO,NO,,,,0,0,0,0,0,0
SYR000054,1/29/2018,11:50,Syrian Arab Republic,Confirmed," Violence with heavy weapons (requires more than one person to use such as firearms, tanks, missiles, bombs, mortars)",0,0,YES,NO,NO,NO,NO,NO,,Primary,,0,0,0,0,0,0
SYR000003,1/29/2018,10:30,Syrian Arab Republic,Confirmed," Violence with heavy weapons (requires more than one person to use such as firearms, tanks, missiles, bombs, mortars)",3,3,YES,YES,NO,NO,NO,NO,,Secondary,,0,0,0,0,0,0
SYR000053,1/29/2018,10:30,Syrian Arab Republic,Confirmed," Violence with heavy weapons (requires more than one person to use such as firearms, tanks, missiles, bombs, mortars)",3,3,YES,YES,YES,NO,NO,NO,,,,0,0,0,0,0,0
SYR000052,1/26/2018,20:05,Syrian Arab Republic,Confirmed," Violence with heavy weapons (requires more than one person to use such as firearms, tanks, missiles, bombs, mortars)",0,0,YES,YES,NO,NO,NO,NO,,,,0,0,0,0,0,0
SYR000401,1/23/2018,13:00,Syrian Arab Republic,Confirmed," Violence with heavy weapons (requires more than one person to use such as firearms, tanks, missiles, bombs, mortars)",0,0,YES,NO,NO,YES,NO,NO,,,,0,0,0,0,0,0
SYR000051,1/21/2018,16:25,Syrian Arab Republic,Confirmed," Violence with heavy weapons (requires more than one person to use such as firearms, tanks, missiles, bombs, mortars)",0,0,YES,NO,NO,NO,NO,NO,,,,0,0,0,0,0,0
SYR000050,1/21/2018,11:00,Syrian Arab Republic,Confirmed," Violence with heavy weapons (requires more than one person to use such as firearms, tanks, missiles, bombs, mortars)",0,0,YES,NO,NO,NO,NO,NO,,,,0,0,0,0,0,0
SYR000048,1/20/2018,21:10,Syrian Arab Republic,Confirmed," Violence with heavy weapons (requires more than one person to use such as firearms, tanks, missiles, bombs, mortars)",0,0,YES,NO,NO,NO,NO,NO,,Primary,,0,0,0,0,0,0
SYR000049,1/20/2018,21:05,Syrian Arab Republic,Confirmed," Violence with heavy weapons (requires more than one person to use such as firearms, tanks, missiles, bombs, mortars)",0,0,YES,NO,NO,NO,NO,NO,,Primary,,0,0,0,0,0,0
SYR000047,1/20/2018,21:00,Syrian Arab Republic,Confirmed," Violence with heavy weapons (requires more than one person to use such as firearms, tanks, missiles, bombs, mortars)",0,0,YES,NO,NO,NO,NO,NO,,,,0,0,0,0,0,0
SYR000046,1/20/2018,10:00,Syrian Arab Republic,Confirmed," Violence with heavy weapons (requires more than one person to use such as firearms, tanks, missiles, bombs, mortars)",11,4,YES,NO,YES,NO,NO,YES,,,,0,0,0,0,0,0
SYR000044,1/18/2018,23:55,Syrian Arab Republic,Confirmed," Violence with heavy weapons (requires more than one person to use such as firearms, tanks, missiles, bombs, mortars)",12,1,YES,NO,NO,NO,NO,YES,,,,0,0,0,0,0,0
SYR000045,1/18/2018,16:20,Syrian Arab Republic,Confirmed," Violence with heavy weapons (requires more than one person to use such as firearms, tanks, missiles, bombs, mortars)",0,0,YES,YES,NO,NO,NO,NO,,Other,,0,0,0,0,0,0
SYR000043,1/11/2018,21:45,Syrian Arab Republic,Confirmed," Violence with heavy weapons (requires more than one person to use such as firearms, tanks, missiles, bombs, mortars)",1,0,NO,YES,YES,NO,NO,NO,,,,0,0,0,0,0,0
SYR000042,1/11/2018,14:20,Syrian Arab Republic,Confirmed," Violence with heavy weapons (requires more than one person to use such as firearms, tanks, missiles, bombs, mortars)",1,1,NO,YES,YES,NO,NO,NO,,,,0,0,0,0,0,0
SYR000040,1/7/2018,18:30,Syrian Arab Republic,Confirmed," Violence with heavy weapons (requires more than one person to use such as firearms, tanks, missiles, bombs, mortars)",1,0,YES,NO,YES,NO,NO,NO,,Primary,,0,0,0,0,0,0
SYR000039,1/7/2018,13:45,Syrian Arab Republic,Confirmed," Violence with heavy weapons (requires more than one person to use such as firearms, tanks, missiles, bombs, mortars)",0,0,YES,NO,NO,NO,NO,NO,,Primary,,0,0,0,0,0,0
SYR000041,1/7/2018,12:45,Syrian Arab Republic,Confirmed," Violence with heavy weapons (requires more than one person to use such as firearms, tanks, missiles, bombs, mortars)",5,4,NO,NO,YES,NO,NO,NO,,,,0,0,0,0,0,0
SYR000035,1/6/2018,14:30,Syrian Arab Republic,Confirmed," Violence with heavy weapons (requires more than one person to use such as firearms, tanks, missiles, bombs, mortars)",1,0,YES,NO,YES,NO,NO,NO,,Primary,,0,0,0,0,0,0
SYR000037,1/6/2018,14:30,Syrian Arab Republic,Confirmed," Violence with heavy weapons (requires more than one person to use such as firearms, tanks, missiles, bombs, mortars)",0,0,YES,YES,NO,NO,NO,NO,,,,0,0,0,0,0,0
SYR000038,1/6/2018,02:30,Syrian Arab Republic,Confirmed," Violence with heavy weapons (requires more than one person to use such as firearms, tanks, missiles, bombs, mortars)",50,17,YES,NO,YES,NO,NO,YES,,Primary,,0,0,0,0,0,0
SYR000027,1/5/2018,21:45,Syrian Arab Republic,Confirmed," Violence with heavy weapons (requires more than one person to use such as firearms, tanks, missiles, bombs, mortars)",0,0,YES,NO,NO,NO,NO,NO,,Primary,,0,0,0,0,0,0
SYR000034,1/5/2018,03:30,Syrian Arab Republic,Confirmed," Violence with heavy weapons (requires more than one person to use such as firearms, tanks, missiles, bombs, mortars)",0,0,YES,NO,NO,NO,NO,NO,,,,0,0,0,0,0,0
SYR000028,1/4/2018,12:00,Syrian Arab Republic,Confirmed," Violence with heavy weapons (requires more than one person to use such as firearms, tanks, missiles, bombs, mortars)",1,0,NO,NO,YES,NO,NO,NO,,,,0,0,0,0,0,0
SYR000029,1/3/2018,12:15,Syrian Arab Republic,Confirmed," Violence with heavy weapons (requires more than one person to use such as firearms, tanks, missiles, bombs, mortars)",6,2,YES,NO,YES,NO,NO,NO,,,,0,0,0,0,0,0
SYR000031,1/2/2018,17:00,Syrian Arab Republic,Confirmed," Violence with heavy weapons (requires more than one person to use such as firearms, tanks, missiles, bombs, mortars)",0,0,YES,NO,NO,NO,NO,NO,,,,0,0,0,0,0,0
SYR000033,1/2/2018,09:00,Syrian Arab Republic,Confirmed," Violence with heavy weapons (requires more than one person to use such as firearms, tanks, missiles, bombs, mortars)",0,1,NO,NO,YES,NO,NO,NO,,,,0,0,0,0,0,0
SYR000030,1/2/2018,08:30,Syrian Arab Republic,Confirmed," Violence with heavy weapons (requires more than one person to use such as firearms, tanks, missiles, bombs, mortars)",0,0,YES,NO,NO,NO,NO,NO,,,,0,0,0,0,0,0
SYR000399,1/1/2018,12:30,Syrian Arab Republic,Confirmed," Violence with heavy weapons (requires more than one person to use such as firearms, tanks, missiles, bombs, mortars)",0,0,NO,NO,NO,YES,NO,NO,,,Building of Dar'a Directorate of Health (DoH),0,0,0,0,0,0
